Atm_name,R,Epsilon,Sigma,ASP,Res_name
HT1,1.2000,0.0000,0.0,0.0,NTER
HT2,1.2000,0.0000,0.0,0.0,NTER
N,1.6250,0.1700,3.25,-0.046,MET
HT3,1.2000,0.0000,0.0,0.0,MET
CA,1.9000,0.0800,3.8,0.035,MET
CB,1.9520,0.1180,3.905,0.035,MET
C,1.8750,0.1050,3.75,0.035,MET
O,1.4800,0.2100,2.96,0.008,MET
CG,1.9000,0.1180,3.8,0.035,MET
SD,1.7750,0.2500,3.55,0.044,MET
CE,1.9000,0.1700,3.8,0.035,MET
N,1.6250,0.1700,3.25,0.008,ALA
HN,1.2000,0.0000,0.0,0.0,ALA
CA,1.9000,0.0800,3.8,0.035,ALA
CB,1.9550,0.1600,3.91,0.035,ALA
C,1.8750,0.1050,3.75,0.035,ALA
O,1.4800,0.2100,2.96,0.008,ALA
N,1.6250,0.1700,3.25,0.008,LEU
HN,1.2000,0.0000,0.0,0.0,LEU
CA,1.9000,0.0800,3.8,0.035,LEU
CB,1.9520,0.1180,3.905,0.035,LEU
C,1.8750,0.1050,3.75,0.035,LEU
O,1.4800,0.2100,2.96,0.008,LEU
CG,1.9250,0.0800,3.85,0.035,LEU
CD1,1.9550,0.1600,3.91,0.035,LEU
CD2,1.9550,0.1600,3.91,0.035,LEU
N,1.6250,0.1700,3.25,0.008,TRP
HN,1.2000,0.0000,0.0,0.0,TRP
CA,1.9000,0.0800,3.8,0.035,TRP
CB,1.9520,0.1180,3.905,0.035,TRP
C,1.8750,0.1050,3.75,0.035,TRP
O,1.4800,0.2100,2.96,0.008,TRP
CG,1.8750,0.1450,3.75,0.035,TRP
CD1,1.8750,0.1450,3.75,0.035,TRP
CD2,1.8750,0.1450,3.75,0.035,TRP
NE1,1.6250,0.1700,3.25,0.008,TRP
CE2,1.8750,0.1450,3.75,0.035,TRP
CE3,1.8750,0.1100,3.75,0.035,TRP
CZ2,1.8750,0.1100,3.75,0.035,TRP
CZ3,1.8750,0.1100,3.75,0.035,TRP
CH2,1.8750,0.1100,3.75,0.035,TRP
HE1,1.2000,0.0000,0.0,0.0,TRP
N,1.6250,0.1700,3.25,0.008,MET
HN,1.2000,0.0000,0.0,0.0,MET
N,1.6250,0.1700,3.25,0.008,ARG
HN,1.2000,0.0000,0.0,0.0,ARG
CA,1.9000,0.8000,3.8,0.035,ARG
CB,1.9520,0.1180,3.905,0.035,ARG
C,1.8750,0.1050,3.75,0.035,ARG
O,1.4800,0.2100,2.96,0.008,ARG
CG,1.9520,0.1180,3.905,0.035,ARG
CD,1.9520,0.1180,3.905,0.035,ARG
NE,1.6250,0.1700,3.25,0.008,ARG
CZ,1.1250,0.0500,2.25,0.035,ARG
HE,1.2000,0.0000,0.0,0.0,ARG
NH1,1.6250,0.1700,3.25,-0.046,ARG
NH2,1.6250,0.1700,3.25,-0.046,ARG
HH11,1.2000,0.0000,0.0,0.0,ARG
HH12,1.2000,0.0000,0.0,0.0,ARG
HH21,1.2000,0.0000,0.0,0.0,ARG
HH22,1.2000,0.0000,0.0,0.0,ARG
N,1.6250,0.1700,3.25,0.008,PRO
CA,1.9000,0.0800,3.8,0.035,PRO
CB,1.9520,0.1180,3.905,0.035,PRO
C,1.8750,0.1050,3.75,0.035,PRO
O,1.4800,0.2100,2.96,0.008,PRO
CG,1.9520,0.1180,3.905,0.035,PRO
CD,1.9000,0.1180,3.8,0.035,PRO
N,1.6250,0.1700,3.25,0.008,GLY
HN,1.2000,0.0000,0.0,0.0,GLY
CA,1.9000,0.1180,3.8,0.035,GLY
C,1.8750,0.1050,3.75,0.035,GLY
O,1.4800,0.2100,2.96,0.008,GLY
N,1.6250,0.1700,3.25,0.008,ASP
HN,1.2000,0.0000,0.0,0.0,ASP
CA,1.9000,0.8000,3.8,0.035,ASP
CB,1.9520,0.1180,3.905,0.035,ASP
C,1.8750,0.1050,3.75,0.035,ASP
O,1.4800,0.2100,2.96,0.008,ASP
CG,1.6750,0.1050,3.75,0.035,ASP
OD1,1.4800,0.2100,2.96,-0.005,ASP
OD2,1.4800,0.2100,2.96,-0.005,ASP
N,1.6250,0.1700,3.25,0.008,PHE
HN,1.2000,0.0000,0.0,0.0,PHE
CA,1.9000,0.0800,3.8,0.035,PHE
CB,1.9520,0.1180,3.905,0.035,PHE
C,1.8750,0.1050,3.75,0.035,PHE
O,1.4800,0.2100,2.96,0.008,PHE
CG,1.8750,0.1100,3.75,0.035,PHE
CD1,1.8750,0.1100,3.75,0.035,PHE
CD2,1.8750,0.1100,3.75,0.035,PHE
CE1,1.8750,0.1100,3.75,0.035,PHE
CE2,1.8750,0.1100,3.75,0.035,PHE
CZ,1.8750,0.1100,3.75,0.035,PHE
N,1.6250,0.1700,3.25,0.008,VAL
HN,1.2000,0.0000,0.0,0.0,VAL
CA,1.9000,0.0800,3.8,0.035,VAL
CB,1.9250,0.0800,3.85,0.035,VAL
C,1.8750,0.1050,3.75,0.035,VAL
O,1.4800,0.2100,2.96,0.008,VAL
CG1,1.9550,0.1600,3.91,0.035,VAL
CG2,1.9550,0.1600,3.91,0.035,VAL
N,1.6250,0.1700,3.25,0.008,ASN
HN,1.2000,0.0000,0.0,0.0,ASN
CA,1.9000,0.0800,3.8,0.035,ASN
CB,1.9520,0.1180,3.905,0.035,ASN
C,1.8750,0.1050,3.75,0.035,ASN
O,1.4800,0.2100,2.96,0.008,ASN
CG,1.8750,0.1050,3.75,0.035,ASN
OD1,1.4800,0.2100,2.96,-0.005,ASN
ND2,1.6250,0.1700,3.25,0.008,ASN
HD21,1.2000,0.0000,0.0,0.0,ASN
HD22,1.2000,0.0000,0.0,0.0,ASN
N,1.6250,0.1700,3.25,0.008,GLN
HN,1.2000,0.0000,0.0,0.0,GLN
CA,1.9000,0.0800,3.8,0.035,GLN
CB,1.9520,0.1180,3.905,0.035,GLN
C,1.8750,0.1050,3.75,0.035,GLN
O,1.4800,0.2100,2.96,0.008,GLN
CG,1.9520,0.1180,3.905,0.035,GLN
CD,1.8750,0.1050,3.75,0.035,GLN
OE1,1.4800,0.2100,2.96,-0.005,GLN
NE2,1.6250,0.1700,3.25,0.008,GLN
HE21,1.2000,0.0000,0.0,0.0,GLN
HE22,1.2000,0.0000,0.0,0.0,GLN
N,1.6250,0.1700,3.25,0.008,HIS
HN,1.2000,0.0000,0.0,0.0,HIS
CA,1.9000,0.0800,3.8,0.035,HIS
CB,1.9520,0.1180,3.905,0.035,HIS
C,1.8750,0.1050,3.75,0.035,HIS
O,1.4800,0.2100,2.96,0.008,HIS
CG,1.8750,0.1450,3.75,0.035,HIS
ND1,1.6250,0.1700,3.25,0.008,HIS
CD2,1.8750,0.1450,3.75,0.035,HIS
CE1,1.8750,0.1450,3.75,0.035,HIS
NE2,1.6250,0.1700,3.25,0.008,HIS
HD1,1.2000,0.0000,0.0,0.0,HIS
N,1.6250,0.1700,3.25,0.008,CYS
HN,1.2000,0.0000,0.0,0.0,CYS
CA,1.9000,0.0800,3.8,0.035,CYS
CB,1.9520,0.1180,3.905,0.035,CYS
C,1.8750,0.1050,3.75,0.035,CYS
O,1.4800,0.2100,2.96,0.008,CYS
SG,1.7750,0.2500,3.55,0.043,CYS
N,1.6250,0.1700,3.25,0.008,SER
HN,1.2000,0.0000,0.0,0.0,SER
CA,1.9000,0.0800,3.8,0.035,SER
CB,1.9520,0.1180,3.905,0.035,SER
C,1.8750,0.1050,3.75,0.035,SER
O,1.4800,0.2100,2.96,0.008,SER
OG,1.5350,0.1700,3.07,0.008,SER
HG1,1.2000,0.0000,0.0,0.0,SER
N,1.6250,0.1700,3.25,0.008,GLU
HN,1.2000,0.0000,0.0,0.0,GLU
CA,1.9000,0.8000,3.8,0.035,GLU
CB,1.9520,0.1180,3.905,0.035,GLU
C,1.8750,0.1050,3.75,0.035,GLU
O,1.4800,0.2100,2.96,0.008,GLU
CG,1.9520,0.1180,3.905,0.035,GLU
CD,1.6750,0.1050,3.75,0.035,GLU
OE1,1.4800,0.2100,2.96,-0.005,GLU
OE2,1.4800,0.2100,2.96,-0.005,GLU
N,1.6250,0.1700,3.25,0.008,TYR
HN,1.2000,0.0000,0.0,0.0,TYR
CA,1.9000,0.0800,3.8,0.035,TYR
CB,1.9520,0.1180,3.905,0.035,TYR
C,1.8750,0.1050,3.75,0.035,TYR
O,1.4800,0.2100,2.96,0.008,TYR
CG,1.8750,0.1100,3.75,0.035,TYR
CD1,1.8750,0.1100,3.75,0.035,TYR
CD2,1.8750,0.1100,3.75,0.035,TYR
CE1,1.8750,0.1100,3.75,0.035,TYR
CE2,1.8750,0.1100,3.75,0.035,TYR
CZ,1.8750,0.1100,3.75,0.035,TYR
OH,1.5350,0.1700,3.07,0.008,TYR
HH,1.2000,0.0000,0.0,0.0,TYR
N,1.6250,0.1700,3.25,0.008,THR
HN,1.2000,0.0000,0.0,0.0,THR
CA,1.9000,0.0800,3.8,0.035,THR
CB,1.9250,0.0800,3.85,0.035,THR
C,1.8750,0.1050,3.75,0.035,THR
O,1.4800,0.2100,2.96,0.008,THR
CG2,1.9550,0.1600,3.91,0.035,THR
OG1,1.5350,0.1700,3.07,0.008,THR
HG1,1.2000,0.0000,0.0,0.0,THR
N,1.6250,0.1700,3.25,0.008,LYS
HN,1.2000,0.0000,0.0,0.0,LYS
CA,1.9000,0.8000,3.8,0.035,LYS
CB,1.9520,0.1180,3.905,0.035,LYS
C,1.8750,0.1050,3.75,0.035,LYS
O,1.4800,0.2100,2.96,0.008,LYS
CG,1.9520,0.1180,3.905,0.035,LYS
CD,1.9520,0.1180,3.905,0.035,LYS
CE,1.9520,0.1180,3.905,0.035,LYS
NZ,1.6250,0.1700,3.25,-0.046,LYS
HZ1,1.2000,0.0000,0.0,0.0,LYS
HZ2,1.2000,0.0000,0.0,0.0,LYS
HZ3,1.2000,0.0000,0.0,0.0,LYS
N,1.6250,0.1700,3.25,0.008,ILE
HN,1.2000,0.0000,0.0,0.0,ILE
CA,1.9000,0.0800,3.8,0.035,ILE
CB,1.9250,0.0800,3.85,0.035,ILE
C,1.8750,0.1050,3.75,0.035,ILE
O,1.4800,0.2100,2.96,0.008,ILE
CG1,1.9520,0.1180,3.905,0.035,ILE
CG2,1.9550,0.1600,3.91,0.035,ILE
CD1,1.9520,0.1750,3.905,0.035,ILE
OT1,1.4800,0.2100,2.96,0.008,ASN
OT2,1.4800,0.2100,2.96,-0.005,CTER
CA,1.9000,0.0800,3.8,0.035,GLU
OT1,1.4800,0.2100,2.96,0.008,GLU
CA,1.9000,0.0800,3.8,0.035,LYS
OT1,1.4800,0.2100,2.96,0.008,LYS
CA,1.9000,0.0800,3.8,0.035,ARG
OT1,1.4800,0.2100,2.96,0.008,ARG
OT1,1.4800,0.2100,2.96,0.008,PHE
